height,weight
65.78331,112.9925
71.51521,136.4873
69.39874,153.0269
68.2166,142.3354
67.78781,144.2971
68.69784,123.3024
69.80204,141.4947
70.01472,136.4623
67.90265,112.3723
66.78236,120.6672
66.48769,127.4516
67.62333,114.143
68.30248,125.6107
67.11656,122.4618
68.27967,116.0866
71.0916,139.9975
66.461,129.5023
68.64927,142.9733
71.23033,137.9025
67.13118,124.0449
67.83379,141.2807
68.87881,143.5392
63.48115,97.90191
68.42187,129.5027
67.62804,141.8501
67.20864,129.7244
70.84235,142.4235
67.49434,131.5502
66.53401,108.3324
65.44098,113.8922
69.5233,103.3016
65.8132,120.7536
67.8163,125.7886
70.59505,136.2225
71.80484,140.1015
69.20613,128.7487
66.80368,141.7994
67.65893,121.2319
67.80701,131.3478
64.04535,106.7115
68.57463,124.3598
65.18357,124.8591
69.65814,139.6711
67.96731,137.3696
65.98088,106.4499
68.67249,128.7639
66.88088,145.6837
67.69868,116.819
69.82117,143.6215
69.08817,134.9325
69.91479,147.0219
67.33182,126.3285
70.26939,125.4839
69.10344,115.7084
65.38356,123.4892
70.18447,147.8926
70.40617,155.8987
66.54376,128.0742
66.36418,119.3701
67.537,133.8148
66.50418,128.7325
68.99958,137.5453
68.30355,129.7604
67.01255,128.824
70.80592,135.3165
68.21951,109.6113
69.05914,142.4684
67.73103,132.749
67.21568,103.5275
67.36763,124.7299
65.27033,129.3137
70.84278,134.0175
69.92442,140.3969
64.28508,102.8351
68.2452,128.5214
66.35708,120.2991
68.36275,138.6036
65.4769,132.9574
69.71947,115.6233
67.72554,122.524
68.63941,134.6254
66.78405,121.8986
70.05147,155.3767
66.27848,128.9418
69.20198,129.1013
69.13481,139.4733
67.36436,140.8901
70.09297,131.5916
70.1766,121.1232
68.22556,131.5127
68.12932,136.5479
70.24256,141.4896
71.48752,140.6104
69.20477,112.1413
70.06306,133.457
70.55703,131.8001
66.28644,120.0285
63.42577,123.0972
66.76711,128.1432
68.88741,115.4759
64.87434,102.0927
67.09272,130.353
68.34761,134.1842
65.61073,98.64133
67.75551,114.5599
68.0212,123.4917
67.66193,123.048
66.3146,126.4772
69.43706,128.417
63.83624,127.1941
67.72277,122.0562
70.05098,127.6064
70.18602,131.6423
65.94588,111.8955
70.007,122.039
68.61129,128.5547
68.80817,132.6792
69.76212,136.0632
65.45539,115.9403
68.82534,136.9041
65.8003,119.8804
67.21474,109.0055
69.42021,128.2705
68.94396,135.2913
67.9415,106.8558
65.62506,123.2939
66.49607,109.5143
67.92809,119.3087
68.89415,140.2402
70.241,133.9841
68.26623,132.5807
71.23161,130.6988
69.09747,115.5637
64.39693,123.7941
71.09585,128.1427
68.21868,135.9646
65.91721,116.6273
67.4369,126.8241
73.90107,151.3913
69.98149,130.4022
69.51862,136.2068
65.18437,113.3989
68.00869,125.3287
68.3384,127.5846
65.18417,107.1564
68.26209,116.4588
68.56865,133.8402
64.49675,112.8901
68.71053,130.7568
68.89148,137.7571
69.54011,125.4036
67.39964,138.4659
66.47521,120.8184
66.01217,140.1539
72.44434,136.7397
64.12642,106.1139
70.98112,158.9562
67.50124,108.7868
72.01515,138.7758
65.31143,115.9136
67.07509,146.2922
64.39148,109.8765
69.37003,139.0499
68.37921,119.9001
65.31018,128.3069
67.1369,127.2428
68.39468,115.2306
66.2918,124.7975
67.1866,126.9511
65.99156,111.2711
69.43393,122.6089
67.97463,124.2084
67.76133,124.6453
65.27864,119.5169
73.83364,139.2983
66.81312,104.8265
66.89411,123.0424
65.73568,118.8923
65.98283,121.4939
66.58396,119.2488
67.11294,135.0239
65.87481,116.228
66.78067,109.1731
68.73577,124.2237
66.22666,141.1645
65.95968,129.1501
68.58372,127.8693
66.59347,120.9244
66.96574,127.6466
68.08015,101.4693
70.19025,144.9927
65.52149,110.9523
67.45905,132.8625
67.40985,146.3385
69.66158,145.5894
65.79799,120.8431
66.10558,115.7813
68.23987,128.3019
68.02403,127.4718
71.39044,127.8761
65.7316,121.4997
66.43358,112.7148
70.01309,135.002
69.48146,128.6789
68.62764,124.4062
68.36275,140.026
68.39028,117.519
68.77413,143.8737
69.9236,141.1703
71.55542,155.9414
68.44764,134.0093
66.71398,130.0975
66.68413,106.2265
67.93699,112.0489
68.89855,136.1884
67.29191,131.236
69.57212,131.3231
67.67479,119.5261
69.04155,116.9965
67.96765,138.5255
65.83982,109.6518
65.77288,130.1569
71.14106,137.1114
67.83055,113.759
65.0693,114.9725
69.70745,127.7149
69.92983,121.9972
66.11569,117.9607
68.61364,127.7141
68.9976,117.9619
66.79171,125.1554
68.02363,141.1026
69.67258,145.4822
71.82178,116.065
72.74676,135.7458
67.27951,132.9248
67.41015,115.6622
68.5315,114.3184
68.47126,148.952
68.51867,142.1878
63.72529,134.104
67.70483,141.8926
69.47115,138.7444
66.70198,134.449
65.23126,117.0167
69.89473,115.6752
69.83048,134.7905
65.3979,120.5746
68.32214,120.0835
65.93895,84.3598
70.09805,138.9394
66.05531,143.5245
68.23481,123.1347
65.21758,115.5261
69.16173,120.9844
67.60064,120.6473
67.28621,124.0352
66.84323,117.2238
68.08281,127.9598
66.56991,116.7527
70.16973,121.9957
67.85113,123.9952
66.62309,108.855
63.68816,104.6574
68.0356,132.248
66.941,127.1834
66.26292,125.1209
70.7301,133.322
70.70844,122.3364
73.26872,130.2636
63.79021,116.7431
67.84109,125.8534
67.78058,100.627
67.23901,118.4945
66.75701,137.1255
69.03098,118.6991
68.52652,124.1641
64.65419,124.9442
65.14295,126.3889
66.74124,121.5255
66.99923,133.2951
70.26611,127.4072
67.57666,125.08
66.30582,102.8114
68.90702,134.2212
65.60543,100.9758
68.00189,145.8886
69.93715,155.3046
70.1459,138.7175
66.66364,116.2611
69.40676,120.6087
66.80598,114.4083
67.70048,133.3406
69.13438,92.74955
67.53769,131.7825
65.77912,118.3865
66.25769,131.1466
67.39038,130.2033
64.94327,129.1836
69.25699,143.1445
69.07739,138.7307
69.64403,130.9528
69.07705,124.3032
68.01304,135.3702
68.85664,124.1988
63.19158,111.2389
65.57591,129.4037
69.12101,127.7444
69.78765,121.3311
67.48203,118.2183
69.08809,123.3441
68.5529,151.9118
68.21327,115.3108
67.1012,122.3844
71.23661,129.2323
69.11946,138.2824
65.49848,144.0565
66.58706,120.8482
67.99831,113.3034
72.57747,149.3227
67.97585,130.6373
66.62347,122.387
67.29574,133.8677
65.95951,134.8336
66.54011,137.8363
68.07723,112.6812
65.83291,121.1964
69.23721,114.9262
64.69413,110.3762
69.21372,126.0337
67.16792,118.7008
67.8467,119.3108
69.27389,150.7397
67.90547,121.1142
67.076,118.4065
70.01531,142.759
70.05454,145.6305
70.86714,127.3425
66.0586,115.9678
65.23745,104.4441
68.7413,138.4905
69.51946,145.5049
70.30764,124.4065
67.29982,124.1866
67.60582,126.1659
67.85566,138.8125
66.46536,121.5515
68.92071,114.2555
68.46886,129.4022
69.5193,137.5583
70.23956,134.4996
67.85651,127.7103
68.00435,115.6709
67.13983,131.5906
68.09931,127.5839
68.99077,125.7211
69.32618,119.9885
70.09286,140.8676
68.74304,136.9164
64.18633,118.4759
66.09074,129.5516
69.24418,152.0714
69.66512,120.8646
68.42721,136.1027
68.28613,130.0611
69.37684,131.7743
68.35315,139.38
72.32489,168.229
70.37159,127.6446
65.72927,131.8008
66.49627,122.8561
70.81339,140.2133
67.37579,142.6929
67.79709,137.4299
68.1607,126.0392
68.85782,143.5985
67.71342,122.62
64.66007,108.6044
65.73721,100.6617
68.42441,116.1397
68.88946,140.5293
68.27367,125.6907
69.18045,134.3329
72.60996,136.4649
66.04157,127.8822
69.2288,123.1361
68.87697,116.3375
66.46042,124.5581
69.30444,125.7853
67.58249,107.5905
69.41816,143.0236
67.46867,118.7434
66.44873,118.9856
68.76185,131.8744
63.76881,119.3691
69.03663,126.1223
66.48966,126.6122
66.74224,113.5597
67.69394,115.8413
66.69066,130.2738
67.02877,125.4542
65.91096,117.1655
70.0304,137.3184
69.26978,149.4447
70.07695,151.0695
64.90942,116.9994
69.68744,138.1787
67.56524,127.621
63.85529,120.7514
71.6189,144.2537
64.98993,105.7939
64.60759,120.1567
62.01666,109.0848
65.28516,125.971
67.70163,110.2325
70.85794,134.4706
68.17075,115.5067
67.45006,125.1086
71.04224,116.4113
67.83032,133.3944
67.15488,108.7478
68.30289,134.3986
65.41208,131.2085
68.66755,130.8318
70.06733,127.0838
69.13413,119.4067
67.02078,105.5616
65.52274,134.4733
70.19808,132.6897
67.66866,126.058
69.73257,126.3532
67.61719,142.3603
70.79589,124.5873
69.65804,122.3604
66.73277,123.2298
67.58008,131.4049
65.25317,124.3037
70.71387,128.3836
71.27374,136.853
66.55913,118.0569
68.04247,121.4969
68.11699,119.2811
71.2367,126.5545
66.92387,129.2477
71.10381,134.7804
69.41466,146.0725
69.16807,162.4109
68.57725,130.1885
69.60315,132.1941
69.05087,127.4591
68.28699,125.3466
69.25276,134.7559
68.23862,121.9395
67.6868,125.6688
68.84083,145.956
69.52061,119.9207
66.97668,111.5093
72.0053,138.676
67.44482,135.0151
66.06214,116.509
65.5747,123.9575
68.30171,136.952
71.02603,153.0797
70.76882,126.357
67.50812,145.0614
69.50936,135.1739
66.4455,108.806
68.5689,110.5155
67.01296,138.2685
68.70004,119.5111
68.23013,115.3214
70.40713,132.3684
65.69989,93.99438
65.7031,127.4051
68.48055,134.3024
66.62891,124.9721
66.84285,124.072
69.89734,133.5476
67.6543,134.1509
68.30917,130.2489
69.74848,138.0935
68.57906,126.6064
68.14477,131.8076
67.98093,131.7363
64.82535,117.6261
69.20785,126.1943
69.2656,127.5132
70.9403,142.4785
69.07826,139.444
66.20183,110.3204
71.05779,131.9541
68.99493,129.2037
70.96089,124.3513
66.02496,126.5251
69.8641,149.2303
66.82802,142.1577
69.09424,127.1436
66.81425,122.3353
67.13183,112.6659
64.57428,134.2647
68.68038,120.6936
67.53724,115.783
71.17732,128.6855
70.53514,134.7611
71.53411,118.3419
66.77301,106.1557
66.33636,126.3823
64.83095,114.3716
68.38247,130.2787
68.05038,123.3066
69.09149,122.8571
69.91046,125.6932
68.40737,111.7247
68.32559,125.5516
66.95555,119.9702
70.54816,132.6043
69.37805,132.6738
67.52012,117.4521
64.87142,101.8549
69.13396,128.4418
68.81192,134.0414
67.56446,127.7511
68.16772,127.6172
65.80687,139.3971
64.92276,113.9381
68.35584,147.5188
66.71546,132.6523
69.18196,132.8139
65.88795,105.0942
66.03733,127.5187
69.44194,130.7305
67.14847,128.5815
65.69442,122.5699
69.42723,157.2961
66.54503,121.1097
69.04469,147.5061
67.62036,117.493
69.59105,132.4472
68.12343,118.1774
71.22641,123.7319
66.43285,130.365
66.31808,122.8882
68.02724,107.8693
68.2876,118.591
66.91609,125.6467
71.77546,148.6016
66.04535,150.279
69.01455,127.0678
68.70744,128.7122
65.012,118.4233
66.05857,125.3879
71.16403,149.2676
67.55274,107.3484
68.83455,133.6992
68.11811,124.8508
67.90528,112.7028
67.64085,127.8407
69.78282,134.1615
67.99889,138.6031
69.41465,126.044
70.42989,129.5856
67.67519,134.1054
67.88036,106.1251
68.06905,127.0561
66.99435,121.9241
71.57689,150.7365
64.36564,116.0061
67.93011,125.4748
69.91863,131.6099
69.93864,129.0696
66.79766,129.1117
70.11119,148.1624
68.94814,105.388
68.02886,110.5447
69.36148,118.6402
68.44886,122.8151
65.70282,124.887
69.55674,135.7695
65.84635,116.4563
68.79983,125.3617
69.03835,133.122
67.36352,138.3328
70.35788,124.4972
69.88828,136.7205
65.15319,115.0153
69.40907,132.6366
68.50874,143.1323
65.71552,134.7422
63.98308,122.6246
70.07685,153.5634
68.42542,126.289
68.23665,134.7206
67.82856,134.5987
66.31277,118.3945
69.75128,121.2997
65.70901,132.2844
66.88227,139.0617
67.2791,110.698
70.63357,154.1073
69.9377,124.1592
65.87671,134.5173
72.44694,138.2622
70.07052,149.0801
67.68486,127.0075
66.1151,117.8222
69.94355,148.9096
68.24317,128.2151
68.80144,129.6944
66.61818,125.5674
70.18701,128.7947
65.58971,124.187
68.69566,151.4167
64.88639,106.9803
69.81993,145.6221
66.33962,121.5926
70.4434,130.9386
69.99163,135.6203
70.13617,123.9315
67.1793,131.9955
68.2034,117.484
67.76121,129.6577
64.79753,122.3706
66.47871,114.5867
66.98337,116.5401
65.69991,139.4307
66.82705,123.4822
66.35141,132.5492
70.13491,143.4013
70.11565,132.9429
64.56145,98.8972
68.15724,122.4342
67.1475,104.6767
70.88927,142.7847
68.16218,130.9283
71.19657,143.827
67.92444,142.2832
65.30204,107.9441
66.40756,105.6891
71.30647,125.4007
69.05997,106.4195
65.95442,118.5371
69.63776,136.7836
71.10495,145.9328
66.21851,129.637
66.13469,108.4955
67.7851,121.2537
66.67737,135.7399
69.99408,137.5026
71.1441,124.0052
68.63927,128.8613
69.08548,133.6811
67.97389,106.5185
65.94809,113.0398
66.02102,125.9639
71.23576,140.2945
67.52674,143.229
71.06935,145.8063
68.27178,128.1697
67.31932,134.1839
68.98848,140.2166
68.404,146.3453
67.092,132.0784
66.76866,122.13
65.64636,131.4693
65.34105,129.5167
68.18299,125.7451
70.65924,153.1384
65.94401,124.5559
69.62792,134.8225
68.29965,115.3877
70.06075,117.9618
68.43602,124.5647
69.27012,134.4043
67.70511,129.3092
70.89315,133.1423
70.54313,147.3609
71.58086,155.0132
68.42301,126.2905
69.35781,134.4605
70.445,134.0296
67.38153,128.9248
67.50767,123.0543
68.52054,112.1788
66.80858,111.7443
72.38532,148.4615
68.51642,136.7459
70.79791,133.2068
66.21905,116.8855
68.31167,124.8542
67.1715,121.5809
67.7714,123.197
67.47328,137.1255
67.77463,121.4941
69.20099,150.9398
70.04297,142.3009
70.56979,134.7527
66.45379,133.5585
67.68132,136.0895
65.75638,95.20216
69.3549,119.7404
70.5902,152.9146
67.27626,140.1991
68.48853,145.2503
67.02188,119.4855
65.77613,123.512
65.96579,110.6754
68.18868,111.4951
72.08595,139.4849
66.85358,133.088
69.10929,133.5196
64.5909,112.7698
67.03849,124.7975
68.99156,123.4224
70.59872,142.0921
70.08988,116.2814
65.6844,131.1256
67.0982,131.2493
66.03932,127.2422
69.26423,122.4523
66.61351,115.2431
68.11738,126.9532
69.73059,143.4439
64.02042,125.377
66.23753,109.0095
72.46761,139.2411
66.21938,102.182
71.2978,144.3898
63.1255,83.08527
70.93034,145.3938
68.25489,134.9267
64.78014,134.678
65.42982,111.4963
68.91361,119.7951
64.96937,95.70426
66.15237,117.159
65.98386,127.2356
69.2435,144.9205
68.31982,122.8464
70.11607,134.19
68.63521,124.9776
67.74289,135.8441
64.58641,120.8222
64.66165,125.0174
65.90771,133.5474
65.77649,124.5583
67.1506,135.9691
72.24339,143.5738
68.73199,130.5725
67.57019,127.192
70.36234,141.2372
63.62233,107.4236
66.20711,122.3234
66.22114,111.6055
70.0722,137.8915
69.6563,142.8742
66.25043,114.4349
68.0704,128.2736
67.14808,134.5725
68.76609,140.1034
68.12075,121.977
65.72987,111.4248
69.17439,135.0756
70.36351,132.9826
70.78557,117.7566
70.88083,134.9877
66.62148,151.6121
69.9829,128.9287
66.92866,120.1575
71.45806,125.6007
69.66344,127.8292
69.30943,136.1354
66.59775,116.2841
64.20209,127.0777
68.23051,125.7165
70.09021,121.0749
70.9755,122.7382
64.93134,119.4545
66.90106,132.9048
69.19803,132.8687
68.4149,124.3486
66.3163,132.2198
72.13467,142.804
65.74613,129.605
69.96677,128.5326
65.11417,112.9919
67.43294,122.0795
66.39785,118.396
67.18769,130.1299
67.68597,111.6824
67.77469,142.2452
63.62937,122.6049
66.447,122.8198
71.9233,119.1123
67.92214,139.4335
68.01143,141.3353
67.76524,119.787
69.19791,136.326
67.00109,118.4099
67.09659,137.692
69.85144,129.078
67.42782,123.4642
68.1104,115.4311
68.29433,129.931
69.45176,135.9563
69.08219,127.8134
70.91753,139.1014
64.20566,109.2132
71.10315,124.6154
72.08523,136.221
66.15119,120.4722
67.52898,116.1659
67.17586,115.5093
72.92955,141.9961
65.54112,135.4869
69.08487,135.1305
65.28991,108.2494
68.53447,125.1277
71.32802,142.8947
66.88095,128.2978
67.91196,128.268
67.00238,103.5665
68.27584,156.1069
66.20276,104.9661
64.24214,121.6365
67.43738,132.0066
64.50081,118.4079
68.89607,135.3898
70.32908,140.6633
64.31742,111.6703
67.11253,128.0328
68.01206,130.4737
68.25267,128.2127
67.76873,142.8202
67.44291,123.0804
65.73581,117.8771
69.64372,130.9274
71.92818,129.1735
69.39435,144.5784
67.14717,115.8635
69.1469,116.5322
66.90594,141.9947
67.838,132.1304
68.09614,135.2607
66.14093,127.0684
71.16386,129.844
67.55757,134.5066
70.01279,121.3609
72.56431,143.1486
66.60224,124.7741
68.51802,120.1546
66.34638,139.4163
69.02692,131.6743
69.12446,131.07
68.24578,129.8914
68.4869,123.344
70.68261,137.5314
70.35969,136.8886
67.62401,118.4024
69.4463,116.2441
67.92486,124.8433
68.39347,120.9809
66.31812,105.1208
71.22882,145.4377
65.29169,108.1912
66.00287,130.3778
67.61775,117.5157
69.10276,135.8762
68.99743,127.5126
69.07531,151.3998
68.34086,112.4799
71.68196,156.7554
68.77664,138.2098
66.18191,109.5685
72.37092,139.9742
66.85155,124.5873
65.75688,130.5023
69.69245,151.0783
66.27915,108.7722
66.47752,105.9927
68.71912,143.4301
68.29244,114.7434
67.66696,123.7736
71.29885,139.4769
67.07369,115.8201
70.68048,146.5682
71.40114,153.9993
71.00392,137.5899
66.2799,125.9287
68.05383,139.6939
64.16346,126.3585
66.87966,113.9307
70.52968,129.7605
65.45595,116.1925
69.11331,139.1294
67.94221,126.9815
67.2132,125.8352
67.6372,113.524
70.09365,123.2372
64.41354,123.0554
69.77698,128.133
66.58181,127.9357
68.14995,110.4678
66.18165,127.9364
66.79412,118.1678
67.1657,129.7243
68.01904,130.6094
66.95837,105.0414
68.70397,122.6299
69.68057,138.3259
66.52793,107.7381
66.46981,141.4417
71.44643,153.6966
66.62648,134.5551
64.01015,109.6593
65.03312,117.2029
66.77216,124.2843
68.91932,125.2193
71.22926,133.2256
71.10332,122.6042
69.80699,134.8652
67.09127,111.4506
67.27958,116.8458
71.86593,143.1527
67.20197,99.92383
68.44108,127.9232
67.20278,136.658
69.36588,145.3947
69.0416,126.6818
65.9056,128.1983
66.44766,122.8328
66.08009,133.2571
69.35367,116.7606
70.83359,144.0455
67.664,132.5153
65.30966,123.9832
66.66817,113.1423
66.93271,123.9512
67.73938,133.9787
64.27722,128.1519
66.83442,121.2878
65.89728,122.7107
67.6564,125.4136
68.68966,124.8761
66.08003,116.5903
66.91344,129.889
69.48392,123.889
68.60001,137.6571
69.21225,130.8805
67.63342,141.9706
65.73405,125.7334
66.09947,104.4108
67.65293,117.0685
67.59619,131.7669
69.57859,125.4738
66.08879,129.5734
70.08026,130.1053
65.00956,131.9305
69.16464,142.4645
69.61276,127.6431
71.48367,153.3153
69.47413,126.7609
69.0027,114.0258
69.5581,133.9684
68.63746,127.5869
67.20262,126.4859
66.07614,120.7651
66.18342,126.6479
70.80778,133.0747
67.158,125.9649
65.2973,121.3206
69.23494,129.7824
68.90768,130.0549
72.3478,123.4005
68.29557,137.2791
68.34735,127.7554
67.46476,133.6853
68.86803,113.9275
66.62471,135.6168
64.77193,122.6005
67.70647,118.9472
72.992,134.2703
70.95194,124.2747
67.95677,130.6981
67.20959,124.6797
66.36959,129.0839
67.63896,121.9456
69.74444,126.2689
68.17532,134.6122
66.89711,131.8476
67.4966,103.5828
66.51569,116.3925
66.88332,123.5095
69.7277,150.3395
69.78345,135.2437
65.40046,112.4584
67.99831,137.4861
72.25581,132.7902
70.79562,126.0286
65.18786,141.3591
67.7123,135.9065
70.05146,134.6655
67.30497,122.0232
66.39813,128.3502
69.73637,130.6354
68.71659,131.717
63.88437,108.6132
68.40851,114.5673
67.93251,133.5136
70.69674,135.8641
68.95083,148.1093
66.49457,123.5179
68.59369,120.8406
66.26442,116.2666
69.58656,123.8986
67.35651,119.32
69.68727,119.4097
68.44046,124.5933
68.47973,130.8802
65.45463,118.2058
66.8085,109.6357
70.05212,140.2298
67.43558,121.5764
66.54306,98.30262
67.32353,117.6173
67.9725,136.5104
69.03858,148.9791
67.69453,123.9665
69.30508,133.5957
65.39643,117.2334
68.35638,123.5943
65.36888,117.7674
68.36499,137.2321
71.15702,129.1996
69.25532,142.4032
66.6984,128.4838
69.17548,115.3008
68.31559,119.5309
67.81616,121.7224
68.56123,142.8442
66.23085,110.1171
68.95099,122.0958
67.86761,124.8188
68.05498,119.3169
67.73986,132.4571
69.83641,133.0316
70.68574,160.8831
64.54385,119.127
67.93112,138.516
67.77291,124.8232
69.41312,135.9744
67.77213,116.2254
67.79965,139.2002
67.98313,137.983
69.97983,144.5084
63.83261,109.1938
65.57212,127.228
69.34307,124.5517
67.28398,114.926
68.7435,132.5027
69.03112,125.3892
69.64426,128.4988
66.70052,117.7319
67.9143,112.9531
64.36849,126.1835
65.87507,118.7934
67.07427,125.4388
69.34545,124.9451
69.83212,145.5139
66.10245,116.7836
69.26205,132.5216
68.33525,114.8933
69.38017,122.8594
69.12887,130.5782
68.44658,119.1058
66.34542,133.8204
70.03275,128.5779
70.16523,139.0179
68.18324,101.2876
70.12378,140.958
68.4296,134.6146
66.43974,129.9482
71.72703,139.064
70.72387,135.1996
68.09022,129.682
70.12976,129.1395
66.05393,129.0051
69.77059,112.7357
68.15816,126.1123
69.91372,118.3724
65.34461,122.9731
68.35621,130.3663
64.50585,114.226
67.95491,115.7854
68.57621,137.9526
68.12257,112.2435
68.77583,137.237
67.92593,124.9418
69.1484,135.0961
63.20539,114.4199
69.2442,122.1823
65.88645,129.375
67.85186,129.9448
65.57418,140.4557
66.70819,120.8977
69.172,129.159
69.23593,137.1397
67.57232,145.2218
69.50518,140.0956
70.60288,124.12
66.54152,135.6875
69.11494,127.756
69.951,144.0475
67.70347,131.9333
69.19028,135.5263
67.8047,151.3579
67.62532,124.7073
70.36898,135.274
71.02595,136.5388
69.8452,137.8778
67.08638,114.2066
68.62013,141.5844
64.37275,111.0969
65.93523,126.3868
65.24285,132.8885
70.51481,144.7904
66.61129,108.3859
67.13394,124.1348
66.77634,129.4462
67.69385,131.3339
67.82809,111.6411
66.63254,111.6422
67.62229,140.3178
69.66798,125.5286
62.75039,114.49
64.53878,113.998
68.01929,117.1931
66.38551,138.3156
70.18724,122.3712
64.646,132.9431
67.48819,124.0449
72.01807,144.1591
66.61356,115.4581
65.81803,116.5192
71.16185,139.6139
68.51977,133.2364
64.96088,120.025
66.88268,123.1111
70.3531,132.8462
67.71744,120.9359
66.03333,129.7702
68.9826,136.9118
68.60237,131.121
66.8408,133.484
68.03659,136.3871
64.79586,131.4559
70.55126,126.1986
68.28166,115.046
68.77574,130.3178
67.09315,131.6954
70.14303,135.6519
65.46833,120.3029
69.02275,129.1442
74.24899,150.2167
64.08575,120.2076
67.57977,132.153
69.19395,132.1247
64.48615,119.5029
68.75888,136.7629
68.45184,147.7846
66.44205,145.5992
70.1756,124.9662
67.1386,127.902
66.91548,125.9147
68.63357,109.6821
66.95697,107.7733
69.97351,134.1099
66.92568,134.901
68.76347,139.6364
67.40692,127.0273
65.74615,134.7717
65.88357,99.97124
66.77623,129.4522
66.9622,129.3592
63.46642,103.6594
68.35224,115.7327
64.43147,104.8874
63.52175,131.0054
66.86196,129.0709
65.53651,102.5494
71.82306,133.2257
68.86538,146.3008
70.79207,140.8125
69.02139,132.4618
67.3527,118.8437
66.3294,133.4495
67.75792,134.882
68.64796,129.6789
68.18784,136.7318
71.53978,133.9981
68.58959,128.1324
71.33959,130.2482
67.18757,130.2934
67.70033,128.3208
64.13048,134.0501
69.90087,140.5808
66.72044,115.1936
69.3532,135.8445
69.70788,142.8508
67.73755,143.0931
68.16879,114.9519
71.94697,149.4261
67.37481,132.0558
65.34039,127.0174
65.63768,103.3615
68.91559,125.3216
65.44571,130.6423
68.11726,124.3662
69.52284,140.6019
69.40202,124.229
70.00803,132.9642
68.59817,130.2067
64.76508,106.6241
67.52805,108.9888
66.71974,109.9473
67.94808,124.363
69.09682,131.5021
70.04724,137.4264
67.92097,116.0228
67.99135,117.9061
68.92023,116.7259
66.75149,115.4633
68.07152,129.9734
68.75961,148.9128
70.93048,126.0818
68.29873,115.4952
69.25316,158.7833
68.39327,141.2064
68.48007,129.838
69.47286,137.0682
66.33003,123.2428
66.88679,117.9651
65.20091,102.4998
68.37273,130.6338
67.10601,144.6224
62.64242,100.1982
69.06906,120.2937
71.15727,144.3108
68.93324,114.8805
68.10686,141.5328
64.45765,114.6963
65.96736,121.6607
68.73038,119.3241
70.53564,135.206
67.40711,115.9409
66.11309,123.2264
69.47433,133.0619
70.95476,136.3442
65.56715,124.1401
65.49243,116.2944
68.89342,133.1669
67.59755,137.941
66.1724,133.3173
68.70371,114.2219
65.47651,137.6516
67.72604,131.5375
70.02202,137.2221
69.72107,135.1331
67.90954,113.9257
65.61306,132.5883
71.40631,133.5753
66.27843,106.7793
65.0276,95.18466
65.68922,114.2675
66.85743,126.4804
68.23,126.7087
66.12036,110.9096
71.32591,132.3678
70.2075,133.7174
71.03619,144.0125
68.18528,129.9098
68.99195,106.5697
67.95745,121.9433
69.49971,118.1623
67.12538,106.6739
67.75678,128.444
67.67958,127.4595
64.71984,102.93
69.72873,127.8299
68.50234,139.7868
70.56446,133.2813
66.58715,120.2949
63.80202,102.4047
66.38836,134.2056
66.7895,121.4804
66.99003,108.2574
72.61998,145.8469
67.80601,114.9258
68.63913,124.6757
65.81803,113.619
66.5755,126.2651
66.40067,124.0382
66.75992,120.554
69.02475,124.4235
70.24902,130.1726
70.18308,137.2733
67.63509,126.9051
66.43547,118.2885
67.50559,119.6817
68.19559,134.332
66.32293,120.0364
70.33673,140.2713
67.9766,139.4025
66.07451,105.1086
68.00118,140.3289
65.48497,139.7691
66.99532,118.4896
69.89331,121.8301
68.03229,130.3482
70.00989,138.2214
66.91337,119.9847
71.43101,141.5275
64.42386,128.0746
68.63254,122.6639
70.14808,135.5841
69.94628,158.7993
66.40808,103.1971
65.27161,122.9332
67.02796,119.343
66.333,139.5722
70.05322,124.1145
71.49315,132.5483
67.11911,116.0712
72.52115,162.8737
68.59945,131.1394
66.72202,124.8745
68.33163,123.738
66.52804,119.0115
69.80841,135.4606
70.18855,139.6563
67.70646,120.3449
66.73552,113.0404
68.37589,115.658
68.14008,128.6282
65.33269,96.52385
68.27634,122.6695
69.17767,129.3968
66.47919,128.8422
66.27731,133.0853
67.80211,130.1248
72.66613,138.9119
70.62111,138.9252
67.45131,105.9085
68.51925,135.4393
72.05853,147.3129
64.71472,108.7636
66.49054,128.9625
71.9151,147.7867
68.37932,128.5716
69.44208,127.4285
65.67788,128.9123
67.97944,123.3621
68.18702,122.0501
67.96766,159.6644
67.69418,121.5022
66.85727,124.3686
68.50423,130.5608
66.46892,117.7781
70.53609,147.1473
68.60163,128.6512
67.13712,115.6854
63.82574,104.102
67.39413,122.4406
71.3131,124.6131
67.98003,100.4089
67.8037,131.8038
71.05584,134.7575
70.6785,148.5516
69.45454,151.3435
67.75404,121.4032
66.37759,132.7138
66.90907,118.1243
67.36022,120.412
70.03559,141.4458
74.19488,129.0597
68.44192,129.3121
68.86465,148.5716
66.41874,112.319
68.58215,130.0932
69.01529,123.1712
64.12752,99.36058
72.58824,139.1404
69.53845,131.9771
69.32255,127.7025
67.26117,136.8449
68.8089,126.4916
65.83333,111.1847
69.14631,128.5255
66.76436,123.1419
68.10866,141.374
66.52579,127.0178
66.72267,118.0513
66.66847,115.3536
66.13808,136.9275
68.04169,126.5685
67.37032,129.216
68.37927,142.1694
68.64261,136.578
67.06567,121.962
69.29222,146.9053
69.97624,142.657
68.36664,140.2292
68.2079,109.8398
67.34824,134.8916
65.91384,127.6066
67.37608,108.9719
70.77374,138.4284
72.8469,151.4509
64.95583,130.0036
68.67514,113.0897
68.73548,129.1464
67.33471,133.1919
66.68746,124.866
65.85168,121.4815
70.81582,137.8631
65.09564,125.8314
70.61931,135.3299
67.96031,107.3931
70.68803,144.1915
66.34093,100.5991
71.98092,130.1721
70.17314,140.8988
70.63179,143.6734
64.87469,90.29334
69.62426,130.4148
65.17407,123.8754
69.09608,154.0757
71.81975,137.4948
68.66104,141.8174
67.17895,126.8401
68.00257,131.9545
70.77144,120.9803
68.82564,119.7816
70.04554,127.7472
68.95339,134.2469
64.41355,108.5235
63.82854,125.0611
68.3559,123.0197
69.25516,129.8861
73.38109,154.8178
69.36199,151.9248
70.71977,135.6969
67.59075,127.2047
70.98644,137.876
67.73825,124.4771
71.10527,154.6002
71.95975,134.0699
65.74155,117.4639
65.64344,128.3519
68.37038,118.1031
70.50701,127.8238
66.43263,129.914
66.60278,131.3221
68.03472,128.1544
69.83384,122.8347
68.22043,143.5868
67.78035,106.5681
67.1894,124.9457
66.17013,113.6761
65.98555,105.4988
70.37458,125.3804
66.98272,120.0159
69.07135,135.0513
64.39778,112.0501
70.30031,126.6445
68.46686,126.7371
68.07287,138.6844
69.65267,143.346
67.85116,124.6758
68.81195,119.2154
68.88093,129.5162
71.2914,141.2136
64.93822,124.9304
64.39593,117.6936
67.61191,128.117
65.36431,125.507
68.57192,139.9115
69.63015,132.5572
64.66196,129.5233
71.18005,139.3905
65.6959,121.712
66.05318,122.7607
67.04924,117.4026
68.42541,135.9146
68.54306,123.838
65.95454,102.8468
66.95297,119.3281
64.91704,104.4281
66.59452,129.2376
68.17706,138.2296
69.573,138.6461
71.65878,130.4121
65.06775,124.4317
66.85523,127.9011
67.84366,125.2683
69.22848,121.1672
69.75159,128.1437
67.48764,121.494
68.12465,129.3746
68.50207,127.4765
67.50188,113.1406
68.83511,132.5812
65.40895,110.5741
68.31175,139.194
68.78411,128.757
65.39974,132.9714
66.754,125.0153
65.37482,95.80713
70.65043,152.9084
70.97634,121.217
66.75895,127.448
66.26857,120.2754
67.34174,127.4945
67.39093,111.026
71.04158,153.5447
63.7418,110.9415
66.91954,121.0967
65.84956,123.5086
67.03723,116.363
67.92717,134.9384
66.72742,113.8451
66.34696,113.0531
66.53015,127.5692
68.60951,125.1506
66.11208,115.4493
67.01143,138.9409
70.45763,133.292
65.3277,130.5079
67.28212,114.2578
70.37548,137.6167
68.04608,114.5218
70.36839,139.4884
68.38089,124.6962
67.78852,130.045
69.77907,141.782
69.59613,125.4556
67.9806,119.1796
65.84256,107.0361
66.99247,125.3591
63.54764,115.7565
71.50943,128.7986
69.94093,129.3747
71.21029,145.662
71.56281,123.6062
65.31159,124.6278
65.18491,122.7439
65.25283,120.2892
67.46596,128.6295
67.27426,111.5271
64.97376,117.7437
64.60687,109.4645
69.736,132.9405
67.7749,124.1881
69.30528,136.8094
71.38338,143.1901
65.60915,117.3002
66.23041,130.8166
66.53307,137.4417
67.51649,128.97
67.72325,114.6422
68.57113,138.4685
66.23808,123.19
67.75308,121.9934
68.2829,149.3778
68.40175,137.21
66.09433,138.6653
70.03545,118.8309
65.46717,116.7297
66.46693,131.5675
67.85512,129.5762
70.36596,131.4946
68.09483,125.1984
70.06267,131.8467
67.65661,121.0286
69.08508,121.8685
68.40932,147.9118
69.12972,130.6309
67.97094,139.9751
67.62895,126.6522
66.80442,116.7992
68.57388,132.4308
67.45375,130.6493
68.6366,132.6351
65.92344,124.4934
70.69799,129.6396
68.09362,131.2952
69.50493,121.3845
67.03953,116.8423
69.04839,143.4353
70.66314,140.0996
67.94574,127.1524
68.5127,116.4033
68.81282,145.5938
67.15097,136.0613
68.34367,126.2249
67.38561,130.9905
64.88607,131.7105
65.5339,125.1818
69.3919,147.0456
66.46889,109.3503
63.25683,120.7578
67.61546,112.4772
69.88085,138.4517
70.15703,136.7186
70.61107,136.0144
71.3845,148.7104
66.53779,120.4476
71.05961,133.5431
67.63928,140.0484
63.8441,129.0091
66.79275,121.0921
68.61061,125.6694
70.40975,117.6691
65.20379,133.959
69.08499,121.968
68.29678,135.3754
65.83832,111.6269
67.18313,117.3099
67.87544,131.75
67.51672,130.3517
67.98827,124.7463
70.33848,127.5476
67.29728,118.5713
65.95685,118.7344
65.2832,117.239
71.86035,127.4872
67.32069,128.9596
68.52503,147.7036
69.74627,132.158
65.75926,129.6624
67.26104,142.583
67.59186,123.1966
65.54701,114.619
70.57745,134.1679
64.93595,129.3978
69.85715,133.0797
70.81884,130.0722
68.30112,139.2852
67.54828,131.5521
71.89737,135.3276
68.81871,130.5668
68.57948,144.8947
66.01716,121.8662
67.25756,110.649
70.5545,150.0971
66.29452,123.8581
68.57082,128.4226
68.60497,125.197
67.99508,129.7427
66.12931,125.7215
66.41232,132.001
68.42482,140.054
66.80813,114.1178
67.72371,116.1322
70.99035,117.7071
67.56098,131.2855
69.12684,113.6105
67.97635,144.7629
66.30036,141.6047
69.30957,140.0213
65.63213,108.4237
66.22333,117.2512
66.74595,126.77
69.66252,135.074
68.21548,132.0189
69.28403,109.2101
69.64359,127.8589
71.48035,122.0737
69.37451,137.6851
65.19039,127.5918
64.02516,111.5819
66.58522,121.3966
65.81355,138.8427
66.10408,116.5048
68.56408,137.4424
67.89191,121.9768
71.42475,116.8105
65.98772,126.0482
70.95594,114.7284
64.37344,126.7487
69.76692,131.342
66.46755,119.0926
67.76109,137.8646
71.17728,129.5914
67.31413,128.105
70.22181,137.4504
69.28985,129.6324
66.35778,133.4823
69.27648,124.7911
66.3778,113.9428
63.24012,116.8399
69.18211,138.7521
69.11432,125.4607
67.48024,130.5948
69.75327,134.2699
69.62313,143.4724
65.95463,142.254
68.89125,139.8464
67.23829,132.4897
67.73728,138.5529
68.72443,123.1153
65.20195,132.6998
66.2865,106.6149
68.01878,134.9917
66.89261,130.92
67.79814,122.4887
66.6555,136.0645
69.77338,119.5334
68.42446,117.7405
65.55531,115.5734
68.34513,104.7006
66.26115,123.6592
66.40599,138.5289
68.64386,132.2257
68.70476,117.2914
68.03119,141.6933
66.25774,129.6313
64.0967,94.51219
67.0669,120.6412
65.80509,121.3762
68.05092,133.2667
67.52718,127.9032
66.35888,123.3962
70.87196,136.9675
68.29448,114.1357
67.0344,118.0845
70.91179,121.8608
68.77458,145.5199
68.8064,128.9862
66.80841,110.4729
65.02676,126.9126
71.83389,141.1132
67.41125,138.183
68.8635,132.6335
66.39633,127.2025
67.90122,146.2561
69.04019,141.6517
66.26552,126.5209
68.4645,121.554
66.8815,116.5904
71.36376,139.0275
66.06344,116.2031
66.64834,115.7431
67.3297,116.8138
68.20575,138.6574
69.59793,108.5229
67.50819,133.6747
68.00385,128.0916
69.51431,128.6687
68.00582,115.4484
67.59357,125.0018
69.78942,136.4816
72.36491,121.9301
68.13393,126.8874
67.83776,119.9595
68.87619,142.2743
66.04124,129.9792
65.81569,131.1604
69.22762,128.8601
64.72395,111.9433
68.48588,132.3867
68.28041,134.2844
65.5087,127.6919
66.73361,114.5415
69.20114,138.1499
71.44618,140.358
70.08869,125.9099
69.6745,134.4383
71.68575,136.6572
71.09849,123.5248
67.65215,130.345
70.41131,149.8413
68.33638,115.5647
64.72321,109.6661
64.6035,108.8823
66.92416,112.3914
68.46553,130.0139
67.19789,136.8066
67.78929,111.1892
66.6783,119.3179
67.38496,120.1224
68.00018,124.093
65.27378,117.8442
69.14142,142.1545
67.46178,122.3342
68.87277,115.7081
68.02365,136.5833
70.33914,120.5965
68.05498,121.269
66.63059,133.5937
66.23781,127.541
70.68625,139.1153
67.92487,140.4052
67.98283,124.3543
67.83966,136.9707
70.87256,136.9799
68.67371,129.9913
65.63433,113.6199
66.98566,127.6126
69.39665,117.966
67.97483,127.2407
69.02449,123.8412
65.06479,121.2687
68.67376,118.5378
67.57063,115.4182
66.86965,131.2651
66.42749,110.3212
68.42186,129.2128
69.83543,140.8802
66.38544,121.1068
69.67951,134.4281
66.10079,116.2489
65.82617,117.8009
68.71368,126.455
71.38503,137.1076
69.73254,152.1776
68.37367,128.6175
65.05453,113.9725
64.38195,105.9582
69.22384,134.3052
66.67906,132.4565
69.15689,134.3756
67.53215,146.8833
70.71198,131.2724
69.06844,132.9619
66.36641,140.4684
69.74416,144.838
69.72221,129.261
67.005,138.036
68.39904,125.5747
65.72237,129.4743
70.41527,129.4677
66.08413,105.1944
66.34093,125.2679
65.25134,128.237
67.53562,123.3362
68.21037,110.8623
67.41542,114.4586
69.8279,137.2435
66.30495,125.8706
69.06175,140.8451
69.64603,131.2554
70.75572,140.12
67.51414,138.8613
67.50856,117.374
67.30225,109.9978
67.76966,129.4122
70.13058,135.1643
66.28125,108.1378
72.48112,146.3046
66.93464,127.6499
67.24385,133.5096
69.30013,124.8396
71.68649,123.4209
69.69329,125.1731
68.22858,116.5013
70.77195,124.5635
69.63875,132.8562
67.5239,124.2136
70.26869,137.6254
67.32622,112.2365
65.82766,117.92
67.28046,107.1366
68.47687,127.8631
66.16499,119.5914
71.12585,129.7663
67.51094,126.2753
67.98365,120.6916
70.76255,147.2496
68.13751,123.8089
69.7139,124.9097
69.28011,129.2576
67.72134,133.2142
71.35771,134.9818
65.01169,115.4612
66.57282,114.2201
66.2121,126.4372
68.42587,121.5315
68.25899,137.3384
71.66231,130.1496
70.73674,149.3463
68.81489,131.8088
67.8052,124.5172
67.28023,124.094
75.1528,146.9701
70.18385,135.8346
70.11018,121.4131
67.55479,131.3549
65.19685,135.1309
71.09811,141.27
63.42211,106.4187
69.87338,140.1507
67.2773,140.0055
66.189,124.8413
65.71651,134.9238
68.09428,136.0939
69.12266,133.6055
69.44989,114.209
67.09671,144.4419
68.50605,127.578
68.14059,114.5292
66.53479,118.9804
67.30796,118.8584
66.46388,114.4406
68.23072,117.1258
70.06314,139.3579
69.26881,141.7621
70.1554,117.3159
66.0776,136.9107
68.95747,130.915
66.76727,124.4251
69.8097,141.0605
67.93231,125.3143
69.44794,151.3939
71.14183,118.1643
66.84818,114.446
67.75431,118.5776
70.83193,129.1185
69.21843,126.5898
68.20571,133.0472
67.32344,133.0028
67.46411,130.5289
67.70673,110.4494
68.5877,131.6199
70.18028,142.8787
69.85138,137.0263
68.82396,141.9518
68.58454,123.7734
66.17491,121.7871
68.29599,112.7853
66.01446,121.0144
70.42725,124.4965
65.95003,125.2296
67.28507,121.1903
70.23598,140.1737
66.37594,136.5133
65.72229,124.2645
72.69022,150.1384
65.52858,107.7887
68.71508,128.8673
69.34245,133.2224
67.38242,125.7706
68.05083,130.8925
69.86498,151.5925
64.51717,114.9571
69.20595,139.6118
67.98607,127.7814
70.14776,139.3701
70.4986,130.907
66.86758,134.945
68.64908,104.7127
67.91149,113.4475
69.24385,116.3492
64.48072,109.5586
71.64447,126.9269
70.04642,146.8967
68.12343,126.8031
65.23383,122.345
68.27239,127.8701
66.17894,124.9103
65.83059,123.0154
65.62889,107.4306
70.92752,111.6473
69.29069,130.6183
69.91684,132.766
72.73301,125.9357
68.44904,113.1008
66.49335,123.1309
72.21533,122.7007
69.53524,139.1563
64.79882,122.5688
67.38254,126.915
67.65345,131.7026
70.01257,144.6798
66.05945,133.332
65.21051,109.8084
68.39529,132.9511
63.99095,123.6623
70.31847,120.0304
70.15159,123.1364
68.01671,122.7495
68.06098,125.8274
66.98618,117.2347
68.8061,142.7741
70.30067,114.5538
65.68106,111.1723
69.27665,141.7056
71.68898,126.5743
67.17092,148.2722
69.24215,132.6836
68.73563,126.8221
69.00812,125.4763
68.69462,130.1342
68.53874,123.2715
67.68634,129.9806
69.60608,138.6734
68.91393,130.7056
66.17148,113.3707
67.46209,139.6833
72.83513,148.8002
64.01976,90.91793
68.02868,123.7533
68.51623,132.4995
70.88524,131.3128
65.29862,116.5172
65.7635,109.1144
65.46143,129.339
65.99098,114.6394
65.57951,136.1447
69.70616,144.5925
66.1974,107.9777
68.23074,122.0759
65.97964,123.3232
71.26857,133.6208
72.01497,159.2724
68.93137,148.7762
67.36601,120.2868
70.12256,110.3036
68.84918,137.6134
67.62215,132.4802
67.13659,136.4192
70.39143,137.2703
68.68117,134.8569
66.92629,118.8555
69.87266,144.0381
67.94061,128.518
68.495,125.988
69.45516,121.0884
67.72991,125.3854
69.85473,141.3991
66.63111,141.1397
66.36326,116.8585
68.2269,131.1664
68.40577,134.5811
68.44489,133.1242
70.94089,137.7195
69.65687,130.2491
65.06613,109.5825
71.81628,142.8719
65.92674,101.6217
66.52018,112.3553
70.52744,131.0845
66.25032,131.0484
64.72936,111.5548
63.79906,110.8498
65.38373,127.4708
65.57359,107.7067
66.57608,115.1232
67.28745,112.1197
66.14358,128.0777
66.11741,119.4651
67.68233,124.5983
68.74723,126.0285
66.5915,111.3977
65.01782,127.722
69.28345,124.8207
67.19343,122.9788
69.81336,117.7117
66.55388,120.7289
66.14617,121.3302
69.93036,146.6089
66.70056,126.013
67.68095,128.1474
67.87796,129.5415
67.65549,121.5145
71.1713,157.9626
69.01806,127.8941
70.58265,127.1594
70.89693,140.8109
68.51895,140.1451
66.61835,132.7723
66.07169,116.0089
68.1535,121.2886
72.89832,147.5384
69.90164,138.8642
66.50525,120.8563
69.27168,125.8179
70.53643,135.3753
65.1243,107.6247
70.34418,122.9851
69.13083,131.7164
65.21067,110.3376
67.08781,100.2532
64.65639,106.579
66.28071,121.223
71.30341,130.5588
66.91234,132.6182
70.84318,132.613
66.65796,117.8331
64.54303,94.29987
66.43942,125.1826
66.60747,125.3684
66.38807,117.4577
66.85611,130.8168
68.50863,128.3144
63.45049,118.4083
67.54653,129.4669
65.41398,116.7348
66.91885,146.8505
67.59652,120.2168
67.05552,136.2774
68.00153,130.1697
70.33681,134.8282
69.10376,126.2799
68.12704,142.6738
67.5512,121.2891
68.78357,111.1965
66.62497,130.424
67.88387,138.8309
67.75152,125.105
68.3286,141.6323
71.05207,149.779
68.11943,118.6268
66.44223,119.4357
71.4563,134.9113
68.60548,133.1629
70.82734,147.2884
68.89076,117.6717
67.15411,122.843
68.76271,125.7926
70.53185,143.2531
66.47953,127.2118
67.94262,113.7238
68.79538,130.932
69.95518,129.5075
69.99489,157.6149
66.55505,125.4636
65.14815,105.3601
70.40094,130.4476
68.32002,152.0527
65.60842,143.9545
70.63864,136.1993
65.08404,117.4157
64.31842,114.5616
66.0525,115.1065
67.35994,121.8544
70.1376,150.2085
67.49796,122.1628
67.1125,115.5902
67.27925,133.3105
66.55492,141.4402
68.1384,130.7908
68.54096,143.1515
68.52593,138.0426
70.77318,120.9532
66.72984,104.5502
66.30573,120.3066
66.1654,116.7474
65.52686,127.6185
71.0176,128.7638
64.0731,132.1263
67.07894,136.2565
66.92118,114.2461
63.92073,117.7804
66.76895,121.7656
67.31046,117.4512
66.94519,137.7336
69.97793,133.2135
66.4156,114.16
69.46121,136.8798
66.47267,125.4235
67.69989,121.4915
68.6046,123.3492
66.82256,107.8004
66.31555,117.1775
69.11039,126.3083
65.94386,115.3139
69.86148,143.7522
64.55479,113.2482
65.56126,131.7643
65.07865,125.8387
66.30496,115.8846
68.63331,139.0539
67.39243,121.7331
66.73104,141.1317
65.57961,127.9611
67.97668,132.1352
62.60611,129.76
66.26361,129.4162
65.65796,118.7804
66.31902,105.7105
65.15141,124.8365
67.06755,141.8106
68.07294,123.0209
68.73375,118.3051
66.50974,123.1286
71.35483,125.0842
67.36943,118.0443
66.53342,134.41
67.44518,132.5899
69.37871,123.6421
68.47617,136.737
66.81962,130.4451
68.62691,121.9836
70.55478,124.8816
65.26709,110.6805
65.35329,108.9072
65.63866,129.7145
69.57228,140.2426
66.41871,137.8126
68.25694,140.6602
70.74604,136.5621
68.35787,121.0365
69.64013,141.548
65.35452,137.184
71.92675,156.5442
70.13403,137.22
65.16717,121.5264
69.31063,122.0461
66.33317,131.3132
68.65304,127.5565
70.27541,135.3191
67.57713,128.8936
69.1971,134.756
69.6239,129.9452
65.86809,127.9121
69.92456,134.6123
68.42315,138.5594
67.61231,145.1953
68.12858,113.7951
64.76601,118.6754
65.33382,129.7622
67.64472,133.5081
69.06267,139.8787
67.17574,117.2661
65.69758,116.9811
68.57486,141.1557
66.34328,138.224
62.78196,119.847
65.28308,112.5769
69.9312,139.7362
65.2271,130.6158
71.57674,142.2788
69.1121,134.2085
68.83916,123.6683
66.39741,119.1475
66.69861,133.9891
64.95406,115.6216
69.50341,135.2493
69.43668,115.9697
67.07002,121.3118
70.49846,134.3579
69.18776,143.0344
67.48622,119.856
67.40826,124.8424
69.43651,127.9505
64.15318,112.225
69.14007,137.3179
68.8929,120.1185
64.95274,93.44115
66.41945,137.0321
67.42646,124.5909
65.63755,126.3297
70.16858,128.3273
66.23711,130.688
66.49138,138.4146
65.0471,116.7381
67.08449,118.1314
64.3389,128.2028
64.20833,113.1561
66.89449,113.1405
65.79218,126.8992
68.843,131.3916
71.09755,143.3004
63.8882,122.9986
68.35671,136.7665
69.47682,140.3565
69.0265,138.7555
70.29803,135.4454
70.84459,135.3925
71.86799,144.6497
69.57461,139.8465
70.88841,136.5899
67.94317,123.7762
67.70347,127.8934
68.59478,148.9399
66.91402,128.9211
68.33449,125.5417
64.65946,140.4392
66.05221,115.642
70.24304,130.7133
67.37048,119.0077
69.95831,128.0902
70.64717,153.0286
70.5802,127.6482
68.86101,134.8113
68.7432,121.5345
67.17409,128.304
65.78148,107.3133
67.52494,136.2616
67.08075,149.1684
67.69345,129.6252
64.64051,105.8442
69.36402,113.9182
69.2178,142.8796
67.36034,119.1631
65.63764,117.8529
68.76324,126.8712
68.17144,124.9338
65.83305,103.8489
69.30622,130.2827
70.8049,123.8101
66.59071,137.5423
64.67352,104.9377
71.93986,129.2747
67.64634,120.458
68.73411,126.8398
66.95634,127.1688
72.56549,130.0389
67.36934,136.9061
70.02946,135.9857
66.54034,110.9114
67.74769,113.6583
67.57706,144.701
66.52633,133.8333
69.15551,152.127
69.19157,122.7961
66.60061,118.2649
67.07004,106.2097
69.57028,148.5705
69.23016,101.4527
69.26795,137.5001
67.56717,123.1061
69.10176,142.433
68.54151,127.3761
70.86149,151.2788
67.9873,124.5609
71.04092,127.1598
66.70805,140.2543
65.77676,113.7058
66.79414,116.248
65.93191,109.5517
67.72422,131.8711
66.72423,112.366
66.68607,115.4197
67.25768,119.9769
70.52978,128.2009
69.74125,128.6789
68.75608,115.2882
67.61299,136.677
72.13419,137.7854
67.91004,126.6205
66.18756,125.3221
71.71529,144.446
70.6841,137.8075
71.87845,143.0609
67.75918,131.826
67.09216,122.1749
66.79895,105.8924
63.56132,118.8125
66.49532,139.3133
68.50215,124.2763
66.83975,116.7159
70.64111,134.415
66.0167,117.703
67.3482,126.8963
67.26092,120.9883
70.82199,140.3611
68.33332,102.5002
69.37897,132.5554
64.7609,119.6373
68.699,125.9149
69.49404,125.5505
68.0849,122.5232
66.37539,134.8766
66.75613,121.5063
69.64206,123.3271
69.77774,133.0832
69.49214,118.9607
65.84828,101.1193
70.71369,143.1946
68.48099,126.7384
69.37374,141.1484
70.52541,135.1763
68.70978,128.8899
67.62641,109.3522
68.33709,137.5541
68.23178,139.1303
67.91161,132.0641
70.32186,136.4673
66.39807,128.5349
66.51667,134.4822
69.61525,122.5729
67.63565,140.0854
71.06313,139.9112
70.62246,127.4324
73.99549,142.9016
67.4663,125.8276
65.91279,101.2434
65.60691,115.9997
69.50033,126.7393
69.43735,133.5447
69.00905,116.1499
68.58614,124.1333
66.96198,118.7229
64.56606,135.4686
69.48658,132.5799
65.65789,145.9751
66.80094,112.1247
68.93784,135.9755
68.90478,120.921
68.50005,132.7228
68.02851,135.0685
69.2145,134.8578
68.48721,141.7791
68.80928,151.4206
67.04824,134.1504
68.89055,139.3242
68.75779,132.5058
72.33195,143.5202
66.51286,121.8849
66.7188,122.9302
67.20628,118.5206
70.19428,131.9154
65.51378,122.5787
68.83979,113.5812
66.95528,129.9893
68.03878,123.9609
71.01151,119.9164
69.14341,124.9403
68.86125,131.6645
64.6203,109.2955
68.44749,110.9724
68.82404,121.5044
66.41585,127.7426
68.86164,147.5692
65.7798,148.7053
63.82215,109.0177
67.97504,119.6017
68.39135,123.7223
66.54816,124.8416
71.1807,144.0008
66.03415,136.0093
66.19208,127.1191
65.8689,121.6531
68.65011,128.9604
68.79753,135.4419
66.39828,123.0735
68.08765,120.0428
68.20122,120.2027
64.65154,124.8094
69.30569,133.7108
67.89566,118.2086
66.23676,131.8546
66.84304,113.6315
68.77237,131.1206
68.78389,141.022
70.30029,128.1661
67.68475,124.7755
69.56671,131.8861
69.36532,124.6139
66.46909,112.5943
71.37399,146.4358
68.12643,126.6456
69.49226,136.9902
65.07859,118.1795
66.27357,144.6287
70.26356,154.9408
67.37111,116.9522
68.38613,140.6401
68.68559,116.6275
66.67024,136.6266
71.15168,131.1853
63.86399,113.9441
69.25001,134.6576
67.20448,107.6304
66.94316,106.9521
67.99592,146.6396
67.12143,114.9585
69.87331,131.0168
67.35332,127.6156
71.53386,145.1178
75.11519,153.9562
67.61043,133.6125
64.23075,127.6976
65.51542,126.4846
63.1937,90.6784
68.69521,109.923
66.22516,101.8528
69.44849,114.3461
70.73043,125.1501
70.1737,157.2751
64.7817,111.8687
63.91382,102.5247
68.02246,129.9915
70.48458,156.3703
68.31433,122.7189
68.63014,125.6964
68.12174,126.2062
67.40773,155.2615
68.97304,142.8808
65.72097,121.262
68.32077,124.3155
67.56613,111.6843
69.50262,124.186
67.82427,126.4867
70.85958,142.6651
64.04489,108.8473
66.43905,116.66
68.79621,143.6181
70.05244,123.0933
66.04605,115.0598
69.05127,132.1098
65.61974,120.7598
67.60382,119.7671
67.89065,122.1496
70.01739,123.9711
67.80728,121.4194
67.14185,123.66
65.39888,98.05813
68.70988,133.8099
69.04936,141.6987
67.91969,117.5158
72.30217,132.1645
63.7019,124.5106
70.475,105.7802
67.64613,133.4242
67.75898,125.3875
69.1102,132.6382
65.59124,121.0751
67.63581,121.5355
70.74732,142.0038
70.99416,135.1886
67.66798,118.3373
67.19997,122.9425
67.4785,116.4973
67.66945,133.004
70.62281,146.4085
68.85256,137.2776
65.32564,122.0439
68.76499,140.8147
70.56586,136.7946
69.11378,127.4421
69.47685,130.272
70.13374,131.169
66.07211,129.6342
68.40149,125.6933
65.13161,104.973
64.07239,120.2984
63.84484,102.4259
65.55111,123.8357
66.41112,117.7
65.05758,121.8919
69.2384,128.4571
68.75803,113.1578
68.17548,125.2742
70.1552,139.8009
67.70652,121.3818
66.95169,114.5435
70.92538,133.8388
66.06089,135.6656
66.10974,127.3786
70.57236,140.6434
66.67735,113.9708
65.99458,120.7042
63.44297,116.0752
66.32955,131.0291
66.53488,134.6458
66.80528,111.616
67.9896,110.0452
64.99295,106.053
66.56539,124.0282
66.804,113.4492
67.96612,132.3117
64.71711,118.356
65.82856,106.1109
69.08496,136.7244
68.28753,125.6799
71.11334,126.4908
69.34872,148.1527
67.62203,117.9474
66.06295,124.5018
70.00342,127.0128
66.52881,127.605
68.60366,129.5427
69.53265,142.0317
69.5404,134.8729
68.42714,124.9955
70.12002,137.7196
68.89234,116.8002
67.64467,123.6212
68.97063,129.4071
71.51466,151.9696
70.71134,142.4361
66.90583,114.3278
69.57597,106.1963
66.48164,111.3787
66.89809,118.3329
69.13909,138.206
68.61774,132.7075
66.16611,111.9004
66.64128,114.0856
69.54521,123.4319
62.86795,98.05815
67.85282,125.754
68.54477,133.7416
68.66811,143.6143
70.12714,123.7248
66.78985,127.694
67.27782,126.7293
66.9553,121.6118
69.44337,123.5342
71.51895,143.988
69.66995,137.9075
68.47294,109.4371
66.19926,110.991
68.78565,144.0145
67.86643,121.9737
67.76132,128.252
68.54873,117.4352
68.46365,130.4536
67.00444,93.78282
68.04189,121.4741
70.80235,140.4798
67.7232,120.5494
68.05748,126.1797
69.86881,128.3204
67.67538,105.9584
68.32806,126.9252
69.88401,142.7832
68.80968,111.1686
68.36811,114.3121
68.8827,143.8443
64.85888,121.0848
67.02277,136.9794
65.65821,123.2681
70.01384,130.2018
68.95576,129.1215
69.72231,135.8375
68.26031,138.5268
67.79651,146.5558
66.57574,114.2481
70.38311,146.8498
66.49668,122.807
68.21731,127.527
68.08084,130.6424
66.89732,125.6947
71.03529,135.7172
67.69483,110.6572
66.71312,122.9811
66.19389,115.5235
70.84883,125.1626
60.61265,88.04646
69.33158,109.2915
68.82694,127.2504
68.76714,110.0752
68.3665,121.2376
68.8963,113.0423
71.52552,144.707
66.3396,111.3345
69.24295,139.3186
65.44706,129.4057
64.98078,121.7515
64.73308,112.2606
65.95421,123.4114
69.23656,113.0173
66.6319,113.3885
65.56464,111.7275
67.89517,127.8383
66.72053,134.4433
67.33628,133.6352
68.00682,128.9038
69.59907,140.7606
65.7514,121.8273
66.54868,133.0094
68.67978,122.6398
67.29012,149.083
67.91637,136.5971
65.73796,111.1435
67.89939,107.5045
72.78908,137.0203
65.98489,129.277
69.67441,121.7105
66.75669,116.2148
67.43375,117.4727
67.67624,123.6071
71.25079,133.5001
69.21284,122.3603
70.47954,134.4949
65.27987,134.6225
71.09122,139.2202
69.56615,124.2333
66.89046,128.8185
67.70276,138.9186
66.77085,121.5008
67.85276,148.7195
70.78378,124.5162
67.09928,121.3383
70.44992,133.1712
69.80734,137.2218
69.2187,156.353
69.75148,147.7342
69.25709,142.5795
69.00485,122.6004
66.51077,127.8756
71.06999,121.0861
73.10762,151.6868
71.20673,137.8023
64.27555,102.5237
70.05278,122.6111
66.79032,105.706
68.34193,113.765
68.51775,134.1383
68.93108,138.9163
66.41503,110.2628
66.67827,108.1567
70.52101,146.2975
68.30664,134.6639
67.0116,136.9904
69.88845,125.9301
69.26417,131.5566
67.90954,120.4869
62.73809,105.2201
67.25447,117.0512
65.59876,117.1139
69.77845,122.691
70.90472,150.021
67.19538,111.1027
67.90593,122.2626
69.80063,145.7116
66.6932,139.5749
67.39204,119.839
67.05894,120.139
69.77321,143.6484
68.61434,142.6088
68.04448,114.4534
69.71027,160.8859
69.63078,132.8733
71.04817,138.0744
67.8894,128.7946
69.08591,139.7656
70.50786,127.2788
66.75964,140.3527
66.45788,118.3607
64.38452,109.4539
67.70213,135.3701
72.16119,141.8671
66.73368,134.3878
64.59658,113.6028
69.18583,136.7389
67.70525,142.2085
70.46124,132.8252
66.84239,135.3456
68.09464,126.5742
69.27278,141.667
66.06118,114.3427
68.85839,142.794
68.24827,109.1823
69.68789,123.3539
70.34077,139.9099
68.47674,118.7857
66.78425,122.2756
67.06985,124.811
68.38893,112.4658
67.18538,111.7251
66.8759,109.1189
72.46405,138.8395
68.05495,125.6718
68.9238,129.8238
66.55309,117.9982
68.00334,133.4084
62.53614,120.647
70.71058,140.2181
68.53707,125.2862
70.0098,151.713
68.65745,120.2825
68.89097,119.1438
67.25272,133.3836
67.39484,133.6104
63.37237,128.7288
67.9351,120.8477
68.38418,131.7234
68.37863,134.8459
65.57367,137.9377
65.23577,128.5973
71.3169,139.8829
70.16627,129.0204
67.42392,122.5717
70.49904,114.3634
68.30668,135.853
67.14412,135.207
64.68621,94.21971
66.82203,140.4193
66.17213,123.9367
67.40223,129.5135
69.65239,148.1859
64.6447,120.4178
63.86895,97.02574
67.7235,114.9802
66.78698,104.0527
68.37223,140.6462
68.04613,118.4149
70.70988,146.6187
68.42309,133.7406
69.39765,118.5079
71.73856,150.9213
70.69601,121.8109
69.79586,146.1372
69.20814,128.8862
66.49242,128.4737
67.16108,139.2681
68.76219,126.9364
66.64609,134.9489
69.91623,141.9177
70.71477,137.8023
68.86691,117.7445
65.56879,119.5334
70.7695,147.1214
68.31719,134.2732
63.7678,97.04078
66.49473,122.836
69.21965,129.9591
71.49924,149.1274
67.75486,128.5848
66.19603,117.3529
65.29404,112.1173
68.37324,129.5659
69.09809,121.057
68.5956,110.0357
67.78989,120.7787
67.02507,122.308
66.31844,126.8147
66.33367,140.2312
65.50586,111.649
68.05216,124.0093
69.33545,135.4809
66.39304,126.1881
69.2076,143.3931
70.21379,122.1613
69.178,142.7784
66.76739,134.2148
64.88316,125.5308
70.25427,130.1801
68.38013,130.1171
66.62364,121.8803
67.96737,116.8868
69.07966,128.4637
65.49639,108.2566
67.94823,131.4797
67.69124,131.0789
69.9714,134.3432
67.69387,112.2898
65.98735,113.6996
68.3664,128.5446
69.52877,136.7997
69.27294,130.2612
69.41669,128.4186
70.15337,139.8741
69.82573,132.6543
65.91827,115.9192
67.98945,118.7202
72.12813,135.5268
67.48301,113.3464
68.26193,117.904
69.41184,130.5207
67.82148,123.5959
69.69729,141.3599
63.45113,104.2273
66.9028,122.3933
69.05969,134.2747
69.02413,120.2068
65.1896,127.2096
65.30411,119.1556
67.8454,100.2365
67.09743,121.1992
65.5786,108.1626
68.31828,129.8971
67.77752,125.3103
67.83922,130.7952
67.09143,127.9221
68.6965,135.3072
70.66714,141.6093
65.74989,134.5339
68.51671,135.9882
67.59335,125.5196
65.84344,123.0473
64.9153,118.3384
64.58123,119.5443
66.90827,136.7318
68.0883,129.1382
65.46098,117.3543
69.62403,133.886
70.62668,127.1567
65.82364,118.264
65.06787,120.8378
66.22122,132.7183
69.68826,125.88
69.70612,129.4925
67.65097,136.1796
69.95219,133.0623
70.00937,129.9978
67.61783,125.53
69.31318,139.8597
68.22656,132.6316
68.55723,118.8729
64.22112,122.1174
66.05632,127.3063
66.90354,113.6921
66.84621,121.585
69.4938,146.0665
68.55353,113.6965
65.61282,110.3262
67.37674,124.0148
68.09175,128.9185
66.65804,117.0019
69.54961,144.9385
66.25728,123.9976
67.98509,135.5365
66.09544,126.996
70.52477,134.6828
67.19875,111.0968
68.24137,121.9514
70.97253,134.2293
66.62434,128.3887
65.60995,124.7491
67.79978,111.9651
67.56776,128.4301
65.14281,113.4592
65.46067,129.2624
68.4843,131.5885
68.24746,126.4105
68.62227,137.2275
67.23277,123.8138
70.9315,124.931
70.41644,145.2017
67.76785,125.2728
68.93413,128.9511
66.63682,123.6178
68.50584,123.3779
66.74655,103.455
68.34022,121.1823
68.64082,104.9272
67.7798,119.9736
68.01308,132.8794
64.20657,119.5831
68.16944,128.8536
67.55289,125.4723
67.94972,120.232
65.82888,110.4565
67.43166,138.2801
69.76313,124.4852
66.74117,117.0476
67.23078,127.707
66.219,121.3801
65.57556,126.3779
66.46532,105.6146
71.70666,150.0118
68.32124,127.4253
65.81092,123.0644
68.90095,119.241
66.25545,124.3161
67.63532,119.8268
69.60217,135.871
69.19207,129.4251
68.12331,116.5582
67.47898,116.8066
66.24642,113.4835
68.50173,121.5935
62.87696,102.6336
65.24352,109.5423
69.99091,136.7711
68.75121,125.0167
66.26559,132.9041
67.33988,137.9208
66.08783,128.0748
69.10841,141.3046
68.02947,136.2458
71.4988,144.147
66.42022,128.7172
68.53037,127.7893
69.54256,134.6098
68.89587,149.2571
65.34144,118.4045
68.85953,147.4612
67.9932,115.8792
70.34681,132.0704
65.40868,123.2475
69.67377,134.0875
70.37964,137.3754
68.23626,128.6996
67.40948,133.7103
69.72564,131.2636
66.96911,112.5541
67.05246,118.0263
68.0873,127.3013
70.4947,125.7998
68.59715,126.259
66.45012,119.3414
67.24533,122.5965
69.22665,135.3375
68.4148,137.2091
70.51338,143.7382
70.63103,145.4599
69.83323,133.1488
69.76098,132.4917
68.11679,126.8125
66.53431,120.2043
71.0373,127.177
65.66484,119.1195
67.11404,131.011
70.93121,151.9596
68.25011,147.9148
67.04474,120.1896
69.40034,121.6422
68.35952,131.7405
65.7936,105.584
65.16867,125.1514
64.31223,132.5808
70.65237,116.5383
68.04397,141.8528
67.60186,130.1925
67.58242,120.4606
68.50821,128.9264
65.84079,119.5386
69.13492,137.8896
68.00897,122.4403
67.56761,129.7133
66.79775,127.9067
70.41567,146.7498
66.6532,111.2623
68.94427,138.8701
69.2921,119.7773
71.21679,128.0274
68.26773,106.61
65.73369,113.3707
63.63362,106.5873
69.44197,125.085
67.08087,125.2055
66.03614,123.3208
66.75256,109.923
69.05655,129.0132
66.02949,108.5156
67.62446,138.1906
66.54145,121.1649
71.4012,133.5965
68.54057,132.5515
66.23601,123.6908
71.74579,148.3826
64.8262,124.0167
69.13628,150.4434
63.85309,113.5616
65.88387,118.8276
70.20793,152.1525
69.83569,121.8741
66.51127,127.3143
71.09805,147.2711
64.60825,112.4456
70.23276,137.7724
64.68824,108.5133
67.16361,124.8309
69.32709,133.656
68.45934,142.1525
66.99209,125.4821
68.44693,132.342
67.41731,128.0697
69.21256,120.7853
65.23174,129.8998
65.42771,117.499
66.99225,121.0608
69.66303,118.2405
67.29207,117.7533
64.37238,124.134
68.90985,106.8616
70.80439,124.5028
68.7004,129.2788
68.29255,113.5292
65.50586,125.7542
68.97897,121.0893
69.65275,125.5083
69.49526,133.7579
66.61841,131.7656
64.46226,117.407
69.10304,131.1557
67.86149,128.0879
67.83106,107.8007
67.66576,133.9987
67.93384,123.2716
71.95735,142.6244
66.88443,115.1191
71.25927,130.7929
63.13444,111.3605
70.25703,131.1771
67.68872,109.8541
63.45505,113.3017
71.59334,117.9625
68.69094,140.3001
64.36556,122.4675
68.84021,139.5953
67.79238,130.4642
65.97475,121.9744
64.23339,106.8916
65.46597,113.5834
65.22202,94.61233
67.90056,120.3075
64.42244,131.5245
68.23998,113.3743
70.01671,128.8175
67.25105,131.9522
67.28007,117.6487
69.48821,129.6283
69.50486,136.9585
68.0898,120.5675
68.09624,127.7017
64.59835,113.0571
67.63863,117.784
69.07559,145.8644
65.43751,123.7503
66.04755,116.2935
67.38822,113.2922
68.74094,121.8236
66.68207,132.4644
67.10251,116.5027
68.72578,148.798
69.95585,134.2309
71.48969,151.6437
66.69291,128.2832
65.37967,110.6266
67.59507,126.1888
67.65455,113.8593
68.68263,125.494
69.58679,125.2317
68.37402,123.4402
67.93581,131.6798
65.44645,133.7783
68.37812,117.4608
70.02962,134.5618
66.48126,125.3948
69.02608,114.1902
69.55202,144.8532
64.80997,132.2021
65.70656,107.7373
65.72803,140.2288
68.21876,121.7152
65.86034,125.5649
65.16426,126.6267
66.96428,135.9602
63.75844,105.6245
69.96035,146.4008
69.29626,106.2849
65.18388,117.985
67.37365,107.4966
69.76312,119.6316
65.20697,116.4881
66.31364,124.9947
66.74365,118.0293
65.57241,128.5441
71.05515,134.7298
69.28167,135.8658
71.77797,136.3061
63.53338,104.7024
69.75851,120.3953
66.7395,118.3091
66.76099,122.1245
72.16716,156.2465
64.34648,117.265
69.25366,128.9281
68.20016,129.2408
67.84238,131.1469
70.54498,136.6229
65.25826,110.8818
67.78738,115.5424
66.79884,132.1508
68.13317,137.9186
67.48449,123.0402
70.4411,148.7687
68.33621,123.88
68.67946,138.1734
67.95136,122.3842
65.92021,120.5629
68.14026,121.2805
67.29912,133.4119
67.43318,121.7736
66.07076,122.2608
69.32562,135.9047
65.89875,134.5927
67.23868,117.4154
68.01261,129.311
68.62709,122.403
67.76031,143.2106
67.54784,128.0734
67.26315,107.2961
71.53453,145.4266
65.06551,123.2535
67.43465,115.9394
69.15557,131.1976
67.10856,110.8966
68.48481,132.9513
68.05629,143.3736
68.40527,142.3615
71.97264,138.5403
67.88635,145.0092
68.93287,133.8419
68.24127,106.3258
66.01267,117.3092
67.37485,134.7795
68.21364,141.9627
68.34543,131.9721
68.65931,137.013
68.84427,144.7351
69.03818,143.485
68.11385,127.8782
67.3109,126.0281
69.49562,126.4439
69.39962,127.7448
67.57502,126.2983
66.43096,106.7579
69.2189,122.9471
66.19304,120.9485
66.59157,107.8202
66.81548,135.6921
68.00225,124.7943
69.09045,123.456
68.6133,133.9338
71.62355,157.659
67.4363,133.6369
65.12769,113.7514
68.87788,139.7284
65.8284,123.9196
67.27468,117.2019
68.36412,114.74
67.98858,135.5863
69.99934,130.2303
66.73116,132.3482
67.47372,116.7746
65.0195,122.0863
71.12723,147.136
67.6698,133.6517
68.77095,153.9969
68.48264,135.3549
66.8768,119.5152
70.54119,134.2581
67.04893,126.7798
67.63647,118.7652
67.57626,120.3951
70.87537,148.4787
66.23513,125.14
67.01055,121.4965
67.64118,129.0488
67.9016,134.8018
69.31483,136.4644
68.22857,119.5528
66.98456,135.7446
67.00963,126.1537
69.95272,144.3773
65.80355,99.51504
68.92933,134.0114
67.70136,136.4446
67.91607,133.3008
66.84068,131.6362
69.99456,135.2158
66.4718,118.2191
64.18564,111.0182
66.246,128.8387
68.80963,130.791
67.65907,128.573
66.77115,130.2165
65.37953,131.9436
66.7844,120.2342
71.27461,137.3123
66.61529,120.9979
65.83005,123.3074
69.57158,130.6931
68.00656,139.9829
68.69628,111.38
66.42314,124.9978
66.99259,122.1147
67.96518,129.2041
68.66471,116.8008
66.61581,110.2205
67.63645,131.1351
70.31626,139.0315
69.75296,124.5872
67.08745,124.9637
68.16256,127.0057
68.10701,134.1875
69.7191,155.7074
66.6639,109.6815
69.21432,142.3644
64.6701,125.2237
67.6419,116.4677
70.95584,129.5297
67.68754,129.9618
68.39041,131.11
70.94659,149.2299
69.3929,138.8501
64.29056,128.0364
70.36687,136.6274
67.04642,127.3941
66.03627,130.0724
67.23901,132.3301
68.4523,115.3808
68.00298,121.4437
68.19927,133.5988
69.15154,135.7115
72.36766,138.8835
70.17575,138.5825
66.89187,130.3881
67.86089,130.8938
69.3241,126.4663
68.85085,125.6815
63.59867,108.3695
67.68177,146.0547
65.92195,128.9527
66.04233,138.9407
68.07077,136.7048
68.53269,136.9208
66.41329,121.4656
67.6551,139.0278
69.39574,124.2868
70.72068,135.4026
69.39895,127.7865
68.70993,134.9467
69.38351,130.8867
69.01409,133.5517
68.84671,121.2891
66.67972,130.3173
64.14012,136.6169
65.45315,120.6706
67.16684,132.1766
67.52493,124.0382
67.17756,133.8366
66.73401,131.714
70.0236,117.9912
67.17283,116.4658
65.18918,138.7007
68.32763,127.9768
72.55002,139.9074
70.71251,148.0151
70.88049,140.65
66.96285,130.6093
69.82684,143.0451
65.16431,128.951
68.23622,140.5259
66.73023,142.5733
72.29547,138.9453
69.16314,127.5533
67.56202,115.1545
65.7718,119.6649
67.4295,100.7527
67.235,122.7841
69.86435,146.7835
71.88676,144.7958
68.87227,138.991
70.04608,137.0023
68.73409,137.8343
69.03486,138.8044
69.26447,128.3303
70.09459,124.8418
70.12595,131.6374
66.54739,120.0134
66.3726,117.0774
65.72273,113.9648
67.65602,126.6406
64.69649,108.3562
66.41005,127.2142
69.27872,134.603
68.63208,121.5365
68.60374,145.1284
70.38104,135.204
69.28461,127.5704
71.64455,153.6515
70.37091,155.869
65.45196,121.4609
69.65595,133.8526
67.69863,108.9521
70.04255,130.5425
67.69758,124.0931
66.856,132.5109
69.87691,154.5701
68.5184,124.004
67.68314,127.6985
67.61985,114.26
69.25373,142.7731
68.98349,115.897
66.98194,125.1081
63.41013,119.8153
68.3495,127.3052
70.14263,130.255
67.67369,125.3486
67.83046,118.0148
71.15629,129.468
70.04469,138.4503
69.45013,138.6964
67.78201,134.9735
65.27229,119.6325
69.44983,132.0852
67.90892,132.1945
68.1636,146.9576
66.37934,112.0144
68.73896,129.7229
69.75201,128.9392
69.44655,125.5484
64.92283,102.8549
64.80108,119.4034
65.84217,143.8547
68.34828,129.9632
68.13534,125.1662
66.32414,126.9552
70.74868,112.1237
67.48997,115.0831
65.8077,120.0188
67.41008,122.7409
68.39969,133.5177
72.19938,144.1058
71.65513,146.9261
70.19523,134.0839
65.92306,112.9231
73.35034,142.4875
64.21849,121.3899
65.70466,122.7506
68.90463,136.1054
68.06195,127.8162
66.85163,139.0505
69.58698,124.5701
69.42478,126.8527
68.02716,145.8616
71.71699,136.8975
66.95183,133.4618
69.74699,122.1901
68.80049,115.6403
67.89371,125.377
68.57659,129.2547
68.72581,129.1874
69.63584,133.0704
68.9713,138.0269
66.8827,118.8532
69.21469,142.7606
67.98056,126.2747
68.56045,119.1386
67.92182,117.0603
69.15108,120.454
69.09773,132.1603
66.92076,108.7441
67.43796,106.5115
67.67848,130.2144
70.02323,140.4403
67.78297,124.5214
72.83169,139.3706
68.05868,129.4378
67.44814,129.0994
65.57065,118.2219
67.59465,117.6786
67.82155,140.8622
68.47258,122.6694
63.58771,104.467
67.95929,129.0106
65.22442,124.3217
66.44894,101.9139
67.33704,139.416
65.69507,132.7342
70.72749,132.8116
67.41511,124.3421
69.76325,126.7586
65.37021,119.848
70.00296,111.9376
66.22804,117.26
71.01952,131.8577
66.66825,122.6517
65.766,117.0445
69.19585,117.8609
66.01043,130.8876
65.81063,124.3575
69.63647,131.0505
67.20188,142.083
67.84033,100.3696
63.55149,127.0979
68.31141,124.2054
65.48001,116.5552
69.58827,123.5653
66.1176,111.8548
71.49457,150.1752
70.91224,128.172
65.08904,120.4457
66.85324,110.6689
67.33053,135.7821
70.41812,145.8887
70.74812,144.6908
69.897,128.3047
68.29767,137.1886
67.83703,127.2593
65.24423,122.1945
67.84894,139.6043
70.42564,129.817
70.55525,152.9847
67.88636,123.5425
69.7096,137.7755
67.07269,116.3106
71.88822,125.4909
71.28254,134.9234
66.61757,116.9673
69.33248,131.029
69.17119,138.2493
68.93099,117.0109
65.39211,117.1889
66.40145,133.3265
65.97157,121.4286
65.61777,122.2767
67.1943,129.2964
65.74682,106.9673
64.34058,118.7342
65.27557,112.0218
71.37011,133.4833
68.13757,127.5429
72.05393,131.366
65.7047,114.9957
67.07598,125.5866
63.96935,84.86345
65.26358,129.4427
65.97301,126.9647
68.28892,139.8538
65.81249,120.6804
64.11914,127.4184
67.02094,120.0865
69.03252,132.7904
68.99289,123.4864
64.41882,114.4503
67.15633,112.938
68.76733,116.9251
69.01892,133.9261
66.76233,128.2645
68.18232,107.0685
67.28745,128.2196
68.65317,126.5592
71.06665,125.8611
70.31177,134.6115
72.4691,152.1181
68.8736,135.5056
64.68847,115.9514
68.1288,127.6565
67.36526,141.0621
65.60339,109.572
68.0437,122.3788
69.28083,134.2059
68.87006,134.8058
68.5515,108.4165
70.402,121.5254
70.89245,131.4848
63.57508,112.824
69.96784,129.2959
69.86404,144.6551
67.43349,123.2584
65.953,130.0755
66.51685,97.84025
66.59374,133.7803
64.82036,106.5226
68.76391,139.4665
67.24653,116.868
67.62134,133.7579
66.16322,118.9108
67.42497,122.3291
68.65199,127.3678
67.41315,114.0066
68.24549,137.0083
66.02486,110.0077
65.25809,132.9911
69.91392,132.3932
65.79089,117.5234
67.71449,130.4334
68.29458,117.7587
65.61141,117.7477
67.78179,129.0761
64.30338,105.6364
67.30706,131.7766
68.96485,131.8757
64.97931,125.9879
69.07887,123.8861
67.39433,133.0366
67.27351,131.1858
67.64179,126.7371
70.45489,151.614
69.09422,147.1926
66.0667,134.7624
67.70438,133.445
66.985,111.2501
65.46653,117.0386
68.69845,129.8079
66.04072,99.27518
66.09431,128.5692
69.80498,151.548
67.73859,139.3895
66.68205,120.0516
68.9189,124.0676
67.06468,137.5999
65.256,129.4912
68.3313,139.801
68.39086,148.5226
67.84685,120.6246
66.37815,138.6642
63.32113,92.37513
66.57084,136.5421
67.88983,118.2089
70.94094,138.6145
69.91224,135.6715
64.89822,104.5861
69.46685,128.2748
68.56738,125.4858
66.53162,143.8794
68.6378,125.3511
70.90025,126.3358
71.26396,139.7274
67.13527,116.2366
64.80236,97.79781
70.67036,136.8521
66.13501,112.7896
64.77081,112.5529
68.35648,120.7636
68.24493,119.3536
67.7318,135.4753
67.04488,140.4543
69.94917,142.0555
64.50981,126.8512
67.87716,123.1267
68.61556,118.3477
68.08104,134.5331
66.35068,116.8814
66.71224,108.9156
71.16146,134.9529
64.76054,109.5924
66.75144,106.5216
66.73685,119.4936
69.68151,137.7906
70.72413,151.0354
68.34441,121.4853
67.6858,146.7791
66.98729,140.0306
69.43833,116.5077
70.35311,140.7913
68.29063,140.0969
69.81605,131.6661
68.07763,144.0462
69.63007,136.5389
67.94658,124.5183
66.66861,123.3439
72.54964,140.3326
65.96495,125.1353
68.73999,142.2247
73.25271,156.3537
63.8433,113.8671
66.96921,120.7632
67.68747,120.6478
66.81228,139.8202
66.72332,119.0638
68.9021,141.0105
69.92563,143.4254
69.85536,133.5108
69.32382,137.0878
66.59092,121.7154
68.85426,127.9174
66.54029,113.4724
65.65814,128.0828
69.30998,131.776
70.17204,138.2634
67.97014,125.758
66.85274,120.3874
67.93626,129.0463
72.43693,136.391
67.58597,130.0804
68.61381,118.5302
70.42389,129.8475
66.40833,119.5325
70.57091,138.3516
69.79777,128.9593
67.34701,116.8005
66.40224,123.1326
64.68881,116.9304
69.53955,126.5974
69.43648,141.1934
69.36832,131.6094
67.02639,109.3029
68.60035,116.408
64.90605,101.3305
73.6704,147.9165
68.37014,141.2402
68.3104,138.8869
64.51584,148.5007
66.12992,101.0513
65.38495,125.7223
65.11549,106.3269
67.05783,126.3894
66.99532,134.2725
67.08079,125.6528
65.28833,113.2531
68.09544,119.5911
66.6868,116.2576
68.33953,143.6987
66.84266,112.5571
68.83968,131.1388
61.8934,95.74545
65.73799,113.6203
68.72588,141.3191
67.8244,116.9133
67.01202,124.2022
65.5611,117.5665
67.55321,119.2307
67.1303,114.5048
67.64061,130.0058
66.83182,140.4851
68.27516,144.0058
69.44828,131.2024
69.58545,126.2305
66.7071,104.6225
68.19325,121.5126
69.13191,135.9547
66.59378,136.2738
66.48656,131.7593
66.37289,118.7403
70.71575,139.42
67.15897,129.0818
67.76901,114.4204
65.18164,113.1913
67.83932,112.5536
68.0491,157.6543
68.58692,121.5904
65.95317,119.206
71.02002,136.1093
69.2108,116.8245
67.16712,133.9377
64.82773,119.5375
71.89734,125.1534
66.29137,119.6552
69.63011,136.2859
66.65205,112.4741
70.56251,132.5837
67.79995,131.5466
68.74825,128.4833
66.84629,137.0769
67.47997,112.9767
67.13893,124.5135
68.40021,138.2798
68.86099,136.6706
66.17409,119.2702
68.84978,131.2561
68.67678,129.8508
69.82135,156.1101
64.2599,108.0741
69.71651,136.2846
70.94085,136.9681
70.06779,139.4128
70.88342,135.7171
65.49529,118.6689
68.4804,138.799
68.51303,138.9157
68.16142,118.2547
71.95866,135.3357
64.75487,129.262
70.30789,135.1908
67.4222,115.1791
68.24432,112.2308
68.24598,122.3013
68.67772,128.2031
69.45147,157.3486
67.00023,128.2287
68.53583,115.0374
68.09648,149.9119
66.8815,118.7213
64.35721,111.8923
64.95432,119.5408
68.10575,121.9841
66.80947,111.1912
63.88864,112.1842
67.38665,106.1061
68.92239,132.2605
68.34907,118.027
65.8834,131.8548
65.81926,122.7493
67.6519,126.4083
69.91178,135.567
69.43847,144.6145
68.6245,133.9108
68.5874,139.0597
69.96201,143.3765
68.48251,133.9215
70.14044,132.9707
67.69318,151.5436
69.74263,140.4279
64.14704,115.8887
71.15494,146.3078
70.42127,135.2438
69.4086,130.0152
67.23391,113.361
69.52859,109.7608
69.78153,155.0882
65.86011,116.5987
68.53242,115.8963
69.43053,123.8453
70.51721,132.1602
72.46195,150.0174
70.57152,123.4049
64.81039,113.7813
69.14193,124.9768
72.59694,140.1938
67.29902,125.6349
69.3501,124.6512
69.0374,115.7152
71.50733,147.7946
68.58383,123.7158
68.9172,137.4837
69.94709,119.3727
68.63514,111.791
68.30987,140.6815
68.95399,142.1807
65.52576,130.6623
66.58753,131.0557
69.43486,118.7635
70.6428,147.6001
68.57866,140.395
68.1007,129.3231
70.56771,125.4514
64.97452,107.0565
67.85384,128.0846
71.17071,131.245
67.67057,112.3113
66.04283,106.7968
68.89472,125.9164
66.42827,138.7008
69.42646,137.7593
62.6568,110.266
65.79319,128.2726
71.35208,150.3381
68.54117,120.4207
66.64205,118.7461
67.1013,132.3003
68.09912,122.8586
67.44749,116.2164
68.5689,105.9279
66.74451,111.2084
67.91191,115.9255
67.61468,132.6425
66.79956,128.7716
66.08205,105.5009
69.43398,130.8951
70.06177,159.8542
67.34245,113.1131
65.68008,104.7032
67.65289,130.0791
72.35481,146.3133
64.56198,117.9061
66.56321,125.872
71.88064,138.7186
69.05855,119.1382
68.84729,130.1311
68.33558,127.2486
67.20373,120.0823
66.94024,116.7898
65.6925,112.1004
70.55858,137.4236
66.3239,112.1502
66.31961,141.3789
68.77019,121.7461
68.93596,130.3465
70.19784,129.2123
69.15846,141.6059
66.52917,107.7722
69.76951,141.4952
68.33707,112.1581
66.71052,116.3208
64.93669,128.5199
65.06581,102.9057
67.19588,114.4447
65.6155,114.5452
68.21154,115.0009
71.8127,151.5781
65.23439,118.7079
67.84537,132.6379
66.17647,115.3378
69.61315,133.5897
66.18245,132.5006
67.84508,134.514
69.0936,126.1625
66.12316,131.3628
65.15822,116.0727
69.79407,141.3766
67.00234,127.3607
69.13726,140.2001
65.81826,126.6507
68.20344,121.9858
66.89907,134.2045
65.04452,102.086
66.1717,117.7314
62.93166,114.6211
64.48357,117.4963
66.64624,111.7542
72.41441,151.933
71.79969,122.983
65.66078,123.3884
66.93932,107.7347
70.22759,138.8617
68.20998,130.7491
67.03876,108.817
70.72651,119.7924
67.43797,132.67
69.02832,144.247
71.08333,130.1898
66.59033,119.8506
62.84458,112.1475
65.01513,112.6016
68.89573,126.6749
67.52318,120.368
71.56209,136.2017
69.91081,114.942
65.74474,116.1331
67.86476,131.3966
69.34915,126.219
66.56305,126.8313
64.98952,106.6708
66.28774,136.3548
68.22623,144.8283
68.71834,121.2425
67.34642,113.9096
69.45129,133.1979
68.58821,118.7312
67.13792,139.5328
66.17703,122.4766
65.11882,136.7334
68.98184,162.1526
69.70654,116.1377
65.9028,116.3873
66.40799,122.7559
69.68697,125.8107
71.32231,127.1985
69.39616,126.21
67.10007,127.4093
64.84823,121.4686
65.97406,120.1281
69.40242,130.8887
70.24875,148.6699
66.76364,108.979
68.54135,132.1438
72.31585,145.2904
66.13369,124.1218
65.52533,106.0457
66.8421,140.4934
68.54828,122.1607
67.23496,135.7089
67.89102,137.9068
67.07543,123.7723
68.87056,131.1289
65.48833,127.832
66.94598,131.0884
67.94876,116.698
65.11113,139.1882
69.22852,144.2813
68.87917,117.3348
69.73424,127.2578
70.79565,138.2181
68.12213,143.3238
67.55313,122.4926
66.07053,137.4736
66.64782,113.759
67.54927,135.4559
67.41612,111.8086
64.1913,123.1259
67.52166,133.1484
65.95635,107.8398
67.61855,125.8836
65.95909,129.0219
69.49194,113.9079
67.69417,134.568
64.78748,127.7878
71.3001,139.1262
66.61133,112.8285
66.40129,121.8472
70.76906,124.1304
68.70195,118.0629
69.27545,135.7574
67.14179,109.264
69.40629,144.7036
69.69594,142.5173
67.20823,137.1694
67.59632,113.3993
70.77557,144.7135
66.95587,128.8462
67.91794,117.0118
65.76874,116.0326
69.03038,132.8327
67.53969,134.5132
64.10668,124.705
68.20174,128.7712
68.42812,135.5603
70.21228,146.5841
68.22553,123.0704
67.75587,132.6394
70.5536,139.4887
67.1115,130.7106
66.50872,102.3817
67.80339,121.6264
66.82898,114.8121
66.51285,117.0249
68.00268,116.0381
67.30483,116.7343
67.32611,119.0783
69.00102,126.7983
67.75162,131.9365
67.085,135.9003
69.0139,151.5006
66.13638,143.9136
66.74555,131.5241
66.32903,130.233
65.30345,123.9503
69.79829,126.6311
67.5243,115.4643
71.02928,148.2436
69.46091,129.9518
69.36777,135.4124
68.57098,141.1859
62.44964,109.5643
68.97793,124.3412
65.21731,118.4281
67.07967,126.0679
68.77673,132.1985
68.66629,132.1617
65.65796,121.8407
67.81659,147.0148
68.49369,135.6229
67.72209,131.8871
67.18182,149.6975
68.74487,132.2867
70.54344,145.1882
67.49034,113.6369
70.04011,121.888
66.14103,131.9355
63.03853,116.7342
65.8375,113.1662
70.09381,132.9761
65.46276,101.8479
66.72609,119.4606
67.15508,126.3196
67.89972,116.5061
66.83955,124.3345
66.33542,137.2975
69.98947,157.9877
69.19394,136.793
71.8433,144.8892
67.96111,116.363
67.8762,125.536
64.85023,109.135
71.00028,128.7879
68.9177,148.7167
68.11801,108.4191
68.45508,120.7972
66.1659,119.9403
68.09431,141.8006
67.04148,116.4363
67.9941,136.4958
70.03532,162.0645
69.71898,137.99
66.11294,127.9705
66.512,124.0973
72.14119,147.0929
66.26162,136.034
68.6341,134.9883
67.01999,108.4088
68.50946,115.87
66.65107,132.7811
69.13504,150.0321
66.3268,124.4084
69.03467,125.2378
68.41501,131.125
68.81498,120.474
69.71434,126.7877
69.71611,119.4332
68.46316,121.7583
66.76387,127.8974
65.40254,113.6724
70.56984,123.8685
65.94172,123.6931
68.02141,122.0341
67.1732,114.7014
65.497,117.2034
67.67185,121.3213
65.52488,125.4382
71.02076,138.2195
66.22083,130.9358
68.98001,115.4355
66.95762,137.2853
67.11276,127.0824
68.4405,129.3152
67.69709,131.4005
63.22395,116.1956
65.22711,127.0613
68.43,131.3423
66.57506,121.9677
63.5966,113.2103
67.20354,123.3458
66.03224,99.66224
67.24122,124.0545
66.79748,130.086
68.48589,137.1664
69.29654,141.1792
66.60912,101.7777
66.26464,128.8128
69.37333,129.9046
67.3275,127.3943
63.91658,113.9444
67.23806,103.9784
65.93291,117.1245
70.35586,135.3823
68.57141,131.0931
66.82713,130.6498
64.43271,119.4229
71.08973,127.4216
72.07911,124.3172
68.90533,114.8714
68.44145,121.075
68.46055,115.3401
65.13343,106.3017
71.17466,131.6919
69.39047,139.886
66.81513,118.6787
68.62714,121.1908
68.09304,134.8095
68.22911,128.3543
67.79469,135.8259
67.60704,127.516
70.47713,135.5209
68.89196,119.3961
67.18902,141.7312
69.52776,138.0107
64.00428,106.2963
67.23705,129.0392
66.57904,110.0436
73.08886,143.597
70.23666,135.6427
65.9154,120.8619
70.20771,129.7829
65.25899,110.1349
67.70538,122.3278
66.65382,125.1019
66.90522,121.2072
69.73584,135.8864
68.71515,120.8681
65.97593,125.6805
66.04025,129.139
69.22349,147.1694
68.01411,124.9845
70.44079,141.5704
66.62715,138.6126
68.47642,126.7582
68.20132,134.1926
69.18686,148.1132
66.55515,122.4609
67.24936,125.9051
68.23976,134.1521
68.93236,140.8846
69.16831,127.3274
68.15988,127.5146
70.47785,135.4777
71.46159,134.7474
69.56493,139.1714
72.04678,147.9343
68.11706,122.1187
67.11974,136.1107
65.25882,112.8949
67.9316,127.1332
68.62153,134.6362
68.96662,110.1335
67.70641,137.8451
64.82138,132.6417
69.74734,130.7984
67.83743,126.8633
66.47424,119.564
70.29564,136.1613
67.99529,136.5186
71.46156,132.6211
66.73734,114.2795
66.34826,116.7421
69.25165,137.7726
67.54427,130.0454
70.67379,135.7083
67.30702,135.6941
64.62951,101.3328
66.57405,130.5342
69.29679,137.3539
69.27554,121.0292
69.50607,120.3639
68.26403,141.0864
69.86553,139.0365
70.7672,136.4844
69.24893,142.8621
67.01021,104.1735
69.1245,145.5379
71.27947,120.9881
74.03777,139.5953
67.16426,120.8184
69.16282,125.9266
68.09796,126.298
67.77952,133.2805
71.11526,123.3401
64.98837,105.6441
70.31512,142.3548
69.06438,130.4546
65.46827,110.4915
65.9316,114.9535
68.42739,133.4786
70.30053,139.3092
67.09535,129.4262
68.43342,121.8407
65.83898,136.3506
67.54012,143.6547
68.48012,126.9991
71.57695,139.6645
69.72167,139.1423
66.29363,126.9897
68.937,142.7584
71.41489,149.8921
69.62838,143.7861
71.18773,152.4615
68.30221,143.546
67.75946,152.9883
68.11064,133.9839
69.47284,135.5993
70.16644,134.6592
67.64262,124.1779
66.81134,118.271
64.94018,121.7107
65.36721,121.3633
68.54428,133.1727
67.97819,114.8234
68.34252,137.7084
68.31923,122.5531
66.1507,105.4808
67.80629,119.5263
70.13434,135.1981
65.63247,122.1851
65.52678,114.9083
68.04573,136.5998
68.17956,143.4398
66.65253,103.9121
68.05725,133.6935
67.34998,119.11
70.00498,129.4393
66.55749,127.0247
66.82552,144.7401
70.07322,123.0627
65.9202,126.0649
69.54043,147.8452
63.89592,117.0034